[{"avg": "14.86ms", "50%": "10.45ms", "75%": "19.11ms", "90%": "30.53ms", "99%": "63.09ms", "throughput": "3141.59"}, {"avg": "10.45ms", "50%": "7.85ms", "75%": "12.95ms", "90%": "20.29ms", "99%": "39.29ms", "throughput": "4210.46"}, {"avg": "10.33ms", "50%": "7.87ms", "75%": "12.72ms", "90%": "19.92ms", "99%": "38.04ms", "throughput": "4235.93"}, {"avg": "10.29ms", "50%": "7.84ms", "75%": "12.65ms", "90%": "19.91ms", "99%": "37.85ms", "throughput": "4261.60"}, {"avg": "10.12ms", "50%": "7.79ms", "75%": "12.44ms", "90%": "19.23ms", "99%": "37.84ms", "throughput": "4316.46"}, {"avg": "10.05ms", "50%": "7.68ms", "75%": "12.43ms", "90%": "19.33ms", "99%": "36.38ms", "throughput": "4331.40"}, {"avg": "10.04ms", "50%": "7.76ms", "75%": "12.29ms", "90%": "18.96ms", "99%": "36.50ms", "throughput": "4329.26"}, {"avg": "10.26ms", "50%": "7.84ms", "75%": "12.74ms", "90%": "19.80ms", "99%": "37.41ms", "throughput": "4249.43"}, {"avg": "10.29ms", "50%": "7.87ms", "75%": "12.87ms", "90%": "19.87ms", "99%": "37.28ms", "throughput": "4233.03"}, {"avg": "10.24ms", "50%": "7.90ms", "75%": "12.58ms", "90%": "19.48ms", "99%": "37.64ms", "throughput": "4254.46"}, {"avg": "16.21ms", "50%": "10.60ms", "75%": "20.57ms", "90%": "33.92ms", "99%": "72.38ms", "throughput": "3011.65"}, {"avg": "10.19ms", "50%": "8.08ms", "75%": "12.73ms", "90%": "19.08ms", "99%": "35.54ms", "throughput": "4211.38"}, {"avg": "10.33ms", "50%": "7.88ms", "75%": "12.81ms", "90%": "19.73ms", "99%": "37.84ms", "throughput": "4225.29"}, {"avg": "10.08ms", "50%": "7.86ms", "75%": "12.51ms", "90%": "19.13ms", "99%": "35.48ms", "throughput": "4279.69"}, {"avg": "10.03ms", "50%": "7.81ms", "75%": "12.42ms", "90%": "18.96ms", "99%": "35.60ms", "throughput": "4297.09"}, {"avg": "10.20ms", "50%": "7.82ms", "75%": "12.64ms", "90%": "19.42ms", "99%": "36.75ms", "throughput": "4258.91"}, {"avg": "10.26ms", "50%": "7.91ms", "75%": "12.70ms", "90%": "19.51ms", "99%": "36.90ms", "throughput": "4227.57"}, {"avg": "10.32ms", "50%": "7.90ms", "75%": "12.79ms", "90%": "19.70ms", "99%": "37.85ms", "throughput": "4223.01"}, {"avg": "10.24ms", "50%": "7.81ms", "75%": "12.68ms", "90%": "19.68ms", "99%": "37.44ms", "throughput": "4253.38"}, {"avg": "9.98ms", "50%": "7.80ms", "75%": "12.38ms", "90%": "18.75ms", "99%": "35.07ms", "throughput": "4311.73"}, {"avg": "14.65ms", "50%": "10.27ms", "75%": "18.72ms", "90%": "29.98ms", "99%": "61.83ms", "throughput": "3197.30"}, {"avg": "10.24ms", "50%": "7.90ms", "75%": "12.88ms", "90%": "19.79ms", "99%": "35.55ms", "throughput": "4217.40"}, {"avg": "10.24ms", "50%": "7.97ms", "75%": "12.87ms", "90%": "19.61ms", "99%": "34.96ms", "throughput": "4198.81"}, {"avg": "10.36ms", "50%": "7.97ms", "75%": "12.97ms", "90%": "19.99ms", "99%": "36.39ms", "throughput": "4175.14"}, {"avg": "10.30ms", "50%": "7.95ms", "75%": "12.86ms", "90%": "19.84ms", "99%": "36.38ms", "throughput": "4208.94"}, {"avg": "10.27ms", "50%": "7.81ms", "75%": "12.80ms", "90%": "19.93ms", "99%": "36.56ms", "throughput": "4232.70"}, {"avg": "10.39ms", "50%": "7.95ms", "75%": "12.96ms", "90%": "20.13ms", "99%": "37.05ms", "throughput": "4189.91"}, {"avg": "10.22ms", "50%": "7.86ms", "75%": "12.89ms", "90%": "19.83ms", "99%": "35.89ms", "throughput": "4238.96"}, {"avg": "10.31ms", "50%": "7.86ms", "75%": "12.86ms", "90%": "20.05ms", "99%": "36.82ms", "throughput": "4221.27"}, {"avg": "10.28ms", "50%": "7.85ms", "75%": "12.90ms", "90%": "20.02ms", "99%": "36.43ms", "throughput": "4226.09"}]