[{"avg": "29.40ms", "50%": "22.62ms", "75%": "34.22ms", "90%": "54.46ms", "99%": "121.83ms", "throughput": "1529.07"}, {"avg": "16.87ms", "50%": "16.35ms", "75%": "20.11ms", "90%": "24.41ms", "99%": "36.11ms", "throughput": "2382.60"}, {"avg": "16.84ms", "50%": "16.37ms", "75%": "20.10ms", "90%": "24.32ms", "99%": "34.98ms", "throughput": "2380.60"}, {"avg": "17.03ms", "50%": "16.53ms", "75%": "20.33ms", "90%": "24.73ms", "99%": "36.04ms", "throughput": "2356.67"}, {"avg": "16.73ms", "50%": "16.19ms", "75%": "19.88ms", "90%": "24.19ms", "99%": "34.83ms", "throughput": "2396.66"}, {"avg": "16.78ms", "50%": "16.21ms", "75%": "19.92ms", "90%": "24.29ms", "99%": "35.81ms", "throughput": "2393.56"}, {"avg": "16.48ms", "50%": "16.01ms", "75%": "19.62ms", "90%": "23.76ms", "99%": "33.68ms", "throughput": "2432.52"}, {"avg": "16.59ms", "50%": "16.14ms", "75%": "19.78ms", "90%": "24.01ms", "99%": "34.45ms", "throughput": "2416.55"}, {"avg": "16.71ms", "50%": "16.30ms", "75%": "20.07ms", "90%": "24.33ms", "99%": "34.58ms", "throughput": "2398.60"}, {"avg": "16.73ms", "50%": "16.17ms", "75%": "19.84ms", "90%": "24.13ms", "99%": "35.30ms", "throughput": "2398.27"}, {"avg": "30.94ms", "50%": "23.16ms", "75%": "36.77ms", "90%": "59.74ms", "99%": "132.72ms", "throughput": "1462.90"}, {"avg": "17.02ms", "50%": "16.44ms", "75%": "20.31ms", "90%": "24.73ms", "99%": "35.74ms", "throughput": "2358.06"}, {"avg": "17.04ms", "50%": "16.55ms", "75%": "20.40ms", "90%": "24.91ms", "99%": "36.09ms", "throughput": "2354.51"}, {"avg": "16.84ms", "50%": "16.26ms", "75%": "20.13ms", "90%": "24.55ms", "99%": "36.50ms", "throughput": "2385.34"}, {"avg": "16.51ms", "50%": "16.03ms", "75%": "19.68ms", "90%": "23.79ms", "99%": "34.19ms", "throughput": "2428.43"}, {"avg": "16.81ms", "50%": "16.34ms", "75%": "20.02ms", "90%": "24.16ms", "99%": "34.93ms", "throughput": "2385.84"}, {"avg": "17.13ms", "50%": "16.68ms", "75%": "20.51ms", "90%": "24.86ms", "99%": "35.31ms", "throughput": "2339.31"}, {"avg": "16.96ms", "50%": "16.52ms", "75%": "20.29ms", "90%": "24.61ms", "99%": "35.18ms", "throughput": "2363.91"}, {"avg": "16.95ms", "50%": "16.45ms", "75%": "20.14ms", "90%": "24.46ms", "99%": "35.27ms", "throughput": "2365.81"}, {"avg": "16.68ms", "50%": "16.23ms", "75%": "19.91ms", "90%": "24.16ms", "99%": "34.79ms", "throughput": "2402.82"}, {"avg": "29.14ms", "50%": "22.05ms", "75%": "33.62ms", "90%": "54.10ms", "99%": "128.27ms", "throughput": "1558.28"}, {"avg": "16.65ms", "50%": "16.08ms", "75%": "19.85ms", "90%": "24.19ms", "99%": "36.41ms", "throughput": "2418.65"}, {"avg": "16.30ms", "50%": "15.86ms", "75%": "19.48ms", "90%": "23.65ms", "99%": "33.95ms", "throughput": "2461.20"}, {"avg": "16.32ms", "50%": "15.82ms", "75%": "19.35ms", "90%": "23.44ms", "99%": "33.36ms", "throughput": "2454.71"}, {"avg": "16.61ms", "50%": "15.95ms", "75%": "19.70ms", "90%": "24.17ms", "99%": "36.96ms", "throughput": "2424.43"}, {"avg": "16.44ms", "50%": "15.88ms", "75%": "19.53ms", "90%": "23.84ms", "99%": "35.04ms", "throughput": "2440.70"}, {"avg": "16.43ms", "50%": "15.99ms", "75%": "19.66ms", "90%": "23.93ms", "99%": "34.65ms", "throughput": "2442.23"}, {"avg": "16.27ms", "50%": "15.80ms", "75%": "19.49ms", "90%": "23.66ms", "99%": "33.59ms", "throughput": "2464.07"}, {"avg": "16.03ms", "50%": "15.67ms", "75%": "19.14ms", "90%": "23.09ms", "99%": "32.67ms", "throughput": "2499.59"}, {"avg": "15.85ms", "50%": "15.44ms", "75%": "18.93ms", "90%": "22.89ms", "99%": "32.90ms", "throughput": "2528.94"}]