[{"avg": "20.76ms", "50%": "14.18ms", "75%": "22.56ms", "90%": "38.79ms", "99%": "107.67ms", "throughput": "2350.07"}, {"avg": "10.98ms", "50%": "10.57ms", "75%": "12.98ms", "90%": "16.01ms", "99%": "24.03ms", "throughput": "3657.45"}, {"avg": "10.77ms", "50%": "10.42ms", "75%": "12.71ms", "90%": "15.57ms", "99%": "22.93ms", "throughput": "3721.20"}, {"avg": "10.87ms", "50%": "10.48ms", "75%": "12.79ms", "90%": "15.71ms", "99%": "23.44ms", "throughput": "3691.39"}, {"avg": "11.02ms", "50%": "10.59ms", "75%": "12.97ms", "90%": "15.99ms", "99%": "24.01ms", "throughput": "3643.87"}, {"avg": "11.00ms", "50%": "10.54ms", "75%": "12.91ms", "90%": "15.96ms", "99%": "23.86ms", "throughput": "3648.28"}, {"avg": "10.94ms", "50%": "10.55ms", "75%": "12.92ms", "90%": "15.90ms", "99%": "23.65ms", "throughput": "3668.61"}, {"avg": "10.90ms", "50%": "10.49ms", "75%": "12.87ms", "90%": "15.85ms", "99%": "23.64ms", "throughput": "3683.97"}, {"avg": "10.74ms", "50%": "10.39ms", "75%": "12.71ms", "90%": "15.55ms", "99%": "22.56ms", "throughput": "3731.67"}, {"avg": "11.01ms", "50%": "10.65ms", "75%": "13.06ms", "90%": "16.05ms", "99%": "23.73ms", "throughput": "3642.89"}, {"avg": "20.34ms", "50%": "13.72ms", "75%": "22.61ms", "90%": "39.11ms", "99%": "97.86ms", "throughput": "2370.22"}, {"avg": "11.20ms", "50%": "10.77ms", "75%": "13.19ms", "90%": "16.24ms", "99%": "24.20ms", "throughput": "3586.71"}, {"avg": "11.09ms", "50%": "10.70ms", "75%": "13.10ms", "90%": "16.06ms", "99%": "23.89ms", "throughput": "3618.94"}, {"avg": "11.16ms", "50%": "10.73ms", "75%": "13.13ms", "90%": "16.17ms", "99%": "24.19ms", "throughput": "3599.55"}, {"avg": "11.06ms", "50%": "10.58ms", "75%": "12.99ms", "90%": "16.02ms", "99%": "24.60ms", "throughput": "3636.89"}, {"avg": "10.90ms", "50%": "10.52ms", "75%": "12.86ms", "90%": "15.73ms", "99%": "23.08ms", "throughput": "3679.69"}, {"avg": "11.02ms", "50%": "10.62ms", "75%": "12.98ms", "90%": "15.93ms", "99%": "23.84ms", "throughput": "3642.97"}, {"avg": "11.13ms", "50%": "10.65ms", "75%": "13.07ms", "90%": "16.16ms", "99%": "24.34ms", "throughput": "3612.61"}, {"avg": "11.07ms", "50%": "10.64ms", "75%": "13.03ms", "90%": "16.04ms", "99%": "23.59ms", "throughput": "3621.26"}, {"avg": "11.11ms", "50%": "10.69ms", "75%": "13.14ms", "90%": "16.16ms", "99%": "24.47ms", "throughput": "3614.34"}, {"avg": "21.11ms", "50%": "13.88ms", "75%": "23.15ms", "90%": "39.72ms", "99%": "109.26ms", "throughput": "2342.74"}, {"avg": "11.10ms", "50%": "10.64ms", "75%": "13.03ms", "90%": "16.04ms", "99%": "24.25ms", "throughput": "3617.40"}, {"avg": "10.97ms", "50%": "10.57ms", "75%": "12.94ms", "90%": "15.87ms", "99%": "23.36ms", "throughput": "3656.78"}, {"avg": "10.92ms", "50%": "10.59ms", "75%": "12.93ms", "90%": "15.83ms", "99%": "23.50ms", "throughput": "3673.90"}, {"avg": "10.89ms", "50%": "10.51ms", "75%": "12.82ms", "90%": "15.71ms", "99%": "23.45ms", "throughput": "3682.51"}, {"avg": "11.07ms", "50%": "10.70ms", "75%": "13.08ms", "90%": "16.04ms", "99%": "23.86ms", "throughput": "3622.43"}, {"avg": "11.11ms", "50%": "10.73ms", "75%": "13.19ms", "90%": "16.17ms", "99%": "23.98ms", "throughput": "3609.17"}, {"avg": "11.11ms", "50%": "10.68ms", "75%": "13.14ms", "90%": "16.18ms", "99%": "24.49ms", "throughput": "3619.68"}, {"avg": "10.98ms", "50%": "10.57ms", "75%": "12.97ms", "90%": "16.02ms", "99%": "24.23ms", "throughput": "3658.37"}, {"avg": "10.80ms", "50%": "10.41ms", "75%": "12.70ms", "90%": "15.57ms", "99%": "22.86ms", "throughput": "3710.72"}]