[{"avg": "22.17ms", "50%": "16.96ms", "75%": "29.17ms", "90%": "44.07ms", "99%": "85.54ms", "throughput": "2018.01"}, {"avg": "16.45ms", "50%": "12.91ms", "75%": "21.18ms", "90%": "31.95ms", "99%": "56.35ms", "throughput": "2623.60"}, {"avg": "16.39ms", "50%": "12.81ms", "75%": "20.74ms", "90%": "31.75ms", "99%": "58.17ms", "throughput": "2653.69"}, {"avg": "16.15ms", "50%": "12.84ms", "75%": "20.49ms", "90%": "30.95ms", "99%": "56.60ms", "throughput": "2674.58"}, {"avg": "16.18ms", "50%": "12.83ms", "75%": "20.73ms", "90%": "31.37ms", "99%": "55.59ms", "throughput": "2668.73"}, {"avg": "16.26ms", "50%": "12.66ms", "75%": "20.94ms", "90%": "31.91ms", "99%": "56.19ms", "throughput": "2662.52"}, {"avg": "16.38ms", "50%": "12.97ms", "75%": "21.14ms", "90%": "31.90ms", "99%": "55.90ms", "throughput": "2632.79"}, {"avg": "16.28ms", "50%": "12.97ms", "75%": "21.06ms", "90%": "31.53ms", "99%": "55.15ms", "throughput": "2641.80"}, {"avg": "16.51ms", "50%": "13.03ms", "75%": "21.20ms", "90%": "32.05ms", "99%": "57.09ms", "throughput": "2616.74"}, {"avg": "16.53ms", "50%": "12.97ms", "75%": "21.26ms", "90%": "32.21ms", "99%": "57.07ms", "throughput": "2615.04"}, {"avg": "22.51ms", "50%": "16.77ms", "75%": "29.26ms", "90%": "44.72ms", "99%": "91.16ms", "throughput": "2020.04"}, {"avg": "16.37ms", "50%": "12.64ms", "75%": "20.95ms", "90%": "32.19ms", "99%": "57.92ms", "throughput": "2659.31"}, {"avg": "16.01ms", "50%": "12.48ms", "75%": "20.57ms", "90%": "31.27ms", "99%": "54.93ms", "throughput": "2698.27"}, {"avg": "16.15ms", "50%": "12.50ms", "75%": "20.70ms", "90%": "31.78ms", "99%": "56.16ms", "throughput": "2689.74"}, {"avg": "16.45ms", "50%": "12.72ms", "75%": "21.18ms", "90%": "32.41ms", "99%": "58.12ms", "throughput": "2645.23"}, {"avg": "16.22ms", "50%": "12.84ms", "75%": "20.79ms", "90%": "31.44ms", "99%": "56.35ms", "throughput": "2663.11"}, {"avg": "16.08ms", "50%": "12.92ms", "75%": "20.40ms", "90%": "30.73ms", "99%": "56.25ms", "throughput": "2683.35"}, {"avg": "16.07ms", "50%": "12.74ms", "75%": "20.27ms", "90%": "30.75ms", "99%": "57.47ms", "throughput": "2700.27"}, {"avg": "16.12ms", "50%": "12.78ms", "75%": "20.63ms", "90%": "31.12ms", "99%": "55.85ms", "throughput": "2679.49"}, {"avg": "16.03ms", "50%": "12.61ms", "75%": "20.76ms", "90%": "31.09ms", "99%": "54.57ms", "throughput": "2688.93"}, {"avg": "22.64ms", "50%": "16.51ms", "75%": "28.90ms", "90%": "45.48ms", "99%": "94.20ms", "throughput": "2029.05"}, {"avg": "16.27ms", "50%": "12.93ms", "75%": "20.69ms", "90%": "31.10ms", "99%": "55.65ms", "throughput": "2644.10"}, {"avg": "16.11ms", "50%": "12.99ms", "75%": "20.76ms", "90%": "30.42ms", "99%": "53.31ms", "throughput": "2650.35"}, {"avg": "16.25ms", "50%": "12.84ms", "75%": "20.68ms", "90%": "31.29ms", "99%": "56.62ms", "throughput": "2658.82"}, {"avg": "16.21ms", "50%": "12.88ms", "75%": "20.74ms", "90%": "31.35ms", "99%": "56.12ms", "throughput": "2661.98"}, {"avg": "16.16ms", "50%": "12.85ms", "75%": "20.75ms", "90%": "31.18ms", "99%": "55.56ms", "throughput": "2668.45"}, {"avg": "15.93ms", "50%": "12.69ms", "75%": "20.15ms", "90%": "30.46ms", "99%": "55.18ms", "throughput": "2705.81"}, {"avg": "16.21ms", "50%": "12.81ms", "75%": "20.83ms", "90%": "31.45ms", "99%": "56.02ms", "throughput": "2663.83"}, {"avg": "16.17ms", "50%": "12.96ms", "75%": "20.76ms", "90%": "31.07ms", "99%": "55.29ms", "throughput": "2660.32"}, {"avg": "16.03ms", "50%": "12.85ms", "75%": "20.55ms", "90%": "30.72ms", "99%": "54.61ms", "throughput": "2683.45"}]