[{"avg": "59.59ms", "50%": "32.79ms", "75%": "61.32ms", "90%": "133.19ms", "99%": "448.73ms", "throughput": "1025.25"}, {"avg": "27.37ms", "50%": "23.25ms", "75%": "32.68ms", "90%": "44.24ms", "99%": "111.93ms", "throughput": "1603.71"}, {"avg": "20.78ms", "50%": "19.58ms", "75%": "26.21ms", "90%": "32.83ms", "99%": "48.78ms", "throughput": "1967.80"}, {"avg": "20.95ms", "50%": "19.15ms", "75%": "27.81ms", "90%": "35.44ms", "99%": "50.74ms", "throughput": "1950.32"}, {"avg": "21.31ms", "50%": "20.08ms", "75%": "27.19ms", "90%": "34.19ms", "99%": "50.01ms", "throughput": "1915.35"}, {"avg": "22.55ms", "50%": "20.16ms", "75%": "30.91ms", "90%": "39.85ms", "99%": "57.38ms", "throughput": "1818.17"}, {"avg": "22.45ms", "50%": "21.07ms", "75%": "30.26ms", "90%": "38.38ms", "99%": "55.05ms", "throughput": "1814.55"}, {"avg": "22.04ms", "50%": "20.93ms", "75%": "28.48ms", "90%": "36.01ms", "99%": "52.21ms", "throughput": "1842.05"}, {"avg": "21.04ms", "50%": "19.51ms", "75%": "26.58ms", "90%": "34.00ms", "99%": "52.87ms", "throughput": "1945.88"}, {"avg": "20.96ms", "50%": "19.94ms", "75%": "26.96ms", "90%": "33.87ms", "99%": "47.68ms", "throughput": "1922.92"}, {"avg": "62.17ms", "50%": "30.70ms", "75%": "59.39ms", "90%": "121.92ms", "99%": "555.48ms", "throughput": "1081.37"}, {"avg": "23.36ms", "50%": "21.25ms", "75%": "29.21ms", "90%": "37.64ms", "99%": "60.95ms", "throughput": "1773.90"}, {"avg": "22.68ms", "50%": "20.84ms", "75%": "28.80ms", "90%": "36.70ms", "99%": "56.94ms", "throughput": "1815.89"}, {"avg": "22.27ms", "50%": "20.90ms", "75%": "28.43ms", "90%": "36.19ms", "99%": "53.96ms", "throughput": "1828.57"}, {"avg": "22.26ms", "50%": "19.70ms", "75%": "27.91ms", "90%": "36.87ms", "99%": "62.63ms", "throughput": "1862.06"}, {"avg": "20.73ms", "50%": "19.28ms", "75%": "26.43ms", "90%": "33.64ms", "99%": "52.75ms", "throughput": "1968.71"}, {"avg": "21.25ms", "50%": "19.39ms", "75%": "27.15ms", "90%": "35.10ms", "99%": "54.93ms", "throughput": "1926.03"}, {"avg": "21.48ms", "50%": "19.53ms", "75%": "27.04ms", "90%": "35.18ms", "99%": "56.15ms", "throughput": "1904.19"}, {"avg": "20.53ms", "50%": "18.43ms", "75%": "25.61ms", "90%": "33.67ms", "99%": "57.59ms", "throughput": "2014.40"}, {"avg": "21.04ms", "50%": "19.19ms", "75%": "26.38ms", "90%": "34.31ms", "99%": "56.61ms", "throughput": "1952.23"}, {"avg": "51.59ms", "50%": "29.12ms", "75%": "58.57ms", "90%": "107.45ms", "99%": "367.40ms", "throughput": "1111.88"}, {"avg": "23.64ms", "50%": "20.79ms", "75%": "28.90ms", "90%": "38.34ms", "99%": "69.12ms", "throughput": "1776.46"}, {"avg": "21.84ms", "50%": "20.25ms", "75%": "28.47ms", "90%": "36.17ms", "99%": "54.18ms", "throughput": "1872.25"}, {"avg": "22.14ms", "50%": "19.81ms", "75%": "28.00ms", "90%": "36.71ms", "99%": "61.02ms", "throughput": "1872.39"}, {"avg": "21.59ms", "50%": "20.41ms", "75%": "27.89ms", "90%": "35.23ms", "99%": "51.31ms", "throughput": "1876.47"}, {"avg": "21.13ms", "50%": "19.37ms", "75%": "26.30ms", "90%": "34.00ms", "99%": "54.38ms", "throughput": "1939.12"}, {"avg": "21.43ms", "50%": "19.35ms", "75%": "27.34ms", "90%": "35.36ms", "99%": "58.48ms", "throughput": "1923.47"}, {"avg": "21.76ms", "50%": "19.96ms", "75%": "29.07ms", "90%": "37.35ms", "99%": "53.91ms", "throughput": "1872.18"}, {"avg": "20.82ms", "50%": "19.25ms", "75%": "25.94ms", "90%": "33.20ms", "99%": "52.19ms", "throughput": "1960.23"}, {"avg": "20.81ms", "50%": "19.08ms", "75%": "27.08ms", "90%": "34.86ms", "99%": "52.70ms", "throughput": "1965.67"}]