[{"avg": "42.61ms", "50%": "22.08ms", "75%": "38.78ms", "90%": "74.71ms", "99%": "506.43ms", "throughput": "1464.21"}, {"avg": "18.46ms", "50%": "17.33ms", "75%": "21.96ms", "90%": "29.45ms", "99%": "47.54ms", "throughput": "2203.46"}, {"avg": "18.37ms", "50%": "16.91ms", "75%": "21.18ms", "90%": "28.66ms", "99%": "48.84ms", "throughput": "2261.26"}, {"avg": "18.34ms", "50%": "17.02ms", "75%": "21.36ms", "90%": "28.90ms", "99%": "48.90ms", "throughput": "2243.07"}, {"avg": "18.20ms", "50%": "17.11ms", "75%": "21.50ms", "90%": "29.07ms", "99%": "47.04ms", "throughput": "2234.94"}, {"avg": "18.53ms", "50%": "17.22ms", "75%": "21.49ms", "90%": "29.14ms", "99%": "48.68ms", "throughput": "2221.43"}, {"avg": "18.32ms", "50%": "17.24ms", "75%": "21.66ms", "90%": "29.20ms", "99%": "46.32ms", "throughput": "2218.79"}, {"avg": "18.44ms", "50%": "17.12ms", "75%": "21.47ms", "90%": "29.04ms", "99%": "48.85ms", "throughput": "2229.66"}, {"avg": "18.09ms", "50%": "17.09ms", "75%": "21.06ms", "90%": "28.71ms", "99%": "45.00ms", "throughput": "2244.20"}, {"avg": "18.51ms", "50%": "17.08ms", "75%": "21.24ms", "90%": "28.85ms", "99%": "48.55ms", "throughput": "2235.05"}, {"avg": "23.97ms", "50%": "11.09ms", "75%": "18.83ms", "90%": "31.05ms", "99%": "457.01ms", "throughput": "3033.11"}, {"avg": "11.11ms", "50%": "9.34ms", "75%": "14.22ms", "90%": "19.56ms", "99%": "35.16ms", "throughput": "3872.28"}, {"avg": "11.15ms", "50%": "9.36ms", "75%": "14.24ms", "90%": "19.56ms", "99%": "35.37ms", "throughput": "3879.08"}, {"avg": "11.43ms", "50%": "9.49ms", "75%": "14.38ms", "90%": "19.88ms", "99%": "38.15ms", "throughput": "3822.84"}, {"avg": "10.89ms", "50%": "9.47ms", "75%": "14.31ms", "90%": "19.60ms", "99%": "33.24ms", "throughput": "3842.19"}, {"avg": "11.21ms", "50%": "9.51ms", "75%": "14.35ms", "90%": "19.75ms", "99%": "35.04ms", "throughput": "3826.90"}, {"avg": "11.09ms", "50%": "9.44ms", "75%": "14.27ms", "90%": "19.57ms", "99%": "34.63ms", "throughput": "3847.44"}, {"avg": "11.01ms", "50%": "9.37ms", "75%": "14.20ms", "90%": "19.46ms", "99%": "34.65ms", "throughput": "3877.04"}, {"avg": "11.15ms", "50%": "9.38ms", "75%": "14.22ms", "90%": "19.48ms", "99%": "35.23ms", "throughput": "3874.80"}, {"avg": "11.07ms", "50%": "9.68ms", "75%": "14.51ms", "90%": "19.91ms", "99%": "33.74ms", "throughput": "3776.19"}, {"avg": "47.31ms", "50%": "22.50ms", "75%": "40.28ms", "90%": "88.27ms", "99%": "596.62ms", "throughput": "1422.70"}, {"avg": "18.96ms", "50%": "17.38ms", "75%": "22.41ms", "90%": "29.76ms", "99%": "50.81ms", "throughput": "2178.45"}, {"avg": "18.53ms", "50%": "17.09ms", "75%": "21.67ms", "90%": "29.11ms", "99%": "49.06ms", "throughput": "2229.08"}, {"avg": "18.50ms", "50%": "17.14ms", "75%": "21.61ms", "90%": "29.20ms", "99%": "49.14ms", "throughput": "2222.54"}, {"avg": "18.07ms", "50%": "17.06ms", "75%": "21.06ms", "90%": "28.56ms", "99%": "44.91ms", "throughput": "2245.43"}, {"avg": "18.37ms", "50%": "17.11ms", "75%": "21.24ms", "90%": "28.74ms", "99%": "47.99ms", "throughput": "2234.05"}, {"avg": "18.50ms", "50%": "17.38ms", "75%": "21.69ms", "90%": "29.34ms", "99%": "46.91ms", "throughput": "2196.28"}, {"avg": "18.51ms", "50%": "17.05ms", "75%": "21.48ms", "90%": "29.01ms", "99%": "49.32ms", "throughput": "2234.67"}, {"avg": "18.32ms", "50%": "17.21ms", "75%": "21.60ms", "90%": "29.09ms", "99%": "47.04ms", "throughput": "2219.81"}, {"avg": "18.53ms", "50%": "17.11ms", "75%": "21.53ms", "90%": "29.02ms", "99%": "49.11ms", "throughput": "2226.01"}]