[{"avg": "32.70ms", "50%": "25.37ms", "75%": "37.06ms", "90%": "56.71ms", "99%": "156.20ms", "throughput": "1381.09"}, {"avg": "23.23ms", "50%": "21.47ms", "75%": "26.39ms", "90%": "36.36ms", "99%": "66.88ms", "throughput": "1790.36"}, {"avg": "23.47ms", "50%": "21.75ms", "75%": "26.27ms", "90%": "36.85ms", "99%": "67.16ms", "throughput": "1768.29"}, {"avg": "22.57ms", "50%": "21.08ms", "75%": "25.53ms", "90%": "35.56ms", "99%": "62.06ms", "throughput": "1828.25"}, {"avg": "22.26ms", "50%": "20.93ms", "75%": "24.92ms", "90%": "35.17ms", "99%": "59.74ms", "throughput": "1850.30"}, {"avg": "22.82ms", "50%": "21.38ms", "75%": "25.71ms", "90%": "35.97ms", "99%": "62.22ms", "throughput": "1807.11"}, {"avg": "22.98ms", "50%": "21.58ms", "75%": "25.77ms", "90%": "36.36ms", "99%": "62.97ms", "throughput": "1791.72"}, {"avg": "22.77ms", "50%": "21.28ms", "75%": "25.33ms", "90%": "35.82ms", "99%": "62.79ms", "throughput": "1814.91"}, {"avg": "22.90ms", "50%": "21.16ms", "75%": "25.81ms", "90%": "35.75ms", "99%": "66.35ms", "throughput": "1814.13"}, {"avg": "22.75ms", "50%": "21.35ms", "75%": "25.08ms", "90%": "35.80ms", "99%": "62.14ms", "throughput": "1811.47"}, {"avg": "41.22ms", "50%": "32.26ms", "75%": "45.15ms", "90%": "67.28ms", "99%": "201.26ms", "throughput": "1084.21"}, {"avg": "32.12ms", "50%": "30.79ms", "75%": "33.10ms", "90%": "43.96ms", "99%": "71.79ms", "throughput": "1262.93"}, {"avg": "31.72ms", "50%": "30.72ms", "75%": "32.89ms", "90%": "43.64ms", "99%": "67.98ms", "throughput": "1272.79"}, {"avg": "31.95ms", "50%": "30.78ms", "75%": "33.05ms", "90%": "43.96ms", "99%": "71.13ms", "throughput": "1266.61"}, {"avg": "31.65ms", "50%": "30.71ms", "75%": "32.90ms", "90%": "43.48ms", "99%": "68.30ms", "throughput": "1273.42"}, {"avg": "31.56ms", "50%": "30.49ms", "75%": "32.62ms", "90%": "42.71ms", "99%": "69.69ms", "throughput": "1280.45"}, {"avg": "31.52ms", "50%": "30.49ms", "75%": "32.54ms", "90%": "42.33ms", "99%": "69.33ms", "throughput": "1283.37"}, {"avg": "31.29ms", "50%": "30.47ms", "75%": "32.46ms", "90%": "41.93ms", "99%": "63.58ms", "throughput": "1286.21"}, {"avg": "31.57ms", "50%": "30.57ms", "75%": "32.64ms", "90%": "42.06ms", "99%": "68.38ms", "throughput": "1279.48"}, {"avg": "31.74ms", "50%": "30.66ms", "75%": "32.83ms", "90%": "42.72ms", "99%": "70.26ms", "throughput": "1274.51"}, {"avg": "37.69ms", "50%": "23.29ms", "75%": "36.25ms", "90%": "57.53ms", "99%": "409.14ms", "throughput": "1439.73"}, {"avg": "23.17ms", "50%": "21.35ms", "75%": "25.98ms", "90%": "36.15ms", "99%": "69.18ms", "throughput": "1799.11"}, {"avg": "22.86ms", "50%": "21.40ms", "75%": "25.50ms", "90%": "36.19ms", "99%": "62.57ms", "throughput": "1803.45"}, {"avg": "22.71ms", "50%": "21.18ms", "75%": "25.47ms", "90%": "35.66ms", "99%": "62.42ms", "throughput": "1818.20"}, {"avg": "22.03ms", "50%": "20.69ms", "75%": "24.51ms", "90%": "34.86ms", "99%": "60.37ms", "throughput": "1871.16"}, {"avg": "22.27ms", "50%": "20.94ms", "75%": "24.68ms", "90%": "35.28ms", "99%": "61.45ms", "throughput": "1852.33"}, {"avg": "22.45ms", "50%": "21.07ms", "75%": "25.08ms", "90%": "35.40ms", "99%": "61.90ms", "throughput": "1836.36"}, {"avg": "22.66ms", "50%": "20.97ms", "75%": "25.19ms", "90%": "35.56ms", "99%": "66.13ms", "throughput": "1837.39"}, {"avg": "22.71ms", "50%": "21.14ms", "75%": "25.53ms", "90%": "35.67ms", "99%": "63.38ms", "throughput": "1821.20"}, {"avg": "22.52ms", "50%": "21.04ms", "75%": "25.06ms", "90%": "35.42ms", "99%": "62.04ms", "throughput": "1836.05"}]