[{"avg": "34.98ms", "50%": "22.78ms", "75%": "40.07ms", "90%": "66.50ms", "99%": "220.12ms", "throughput": "1493.84"}, {"avg": "25.13ms", "50%": "13.49ms", "75%": "23.81ms", "90%": "45.75ms", "99%": "194.55ms", "throughput": "2440.16"}, {"avg": "10.94ms", "50%": "9.76ms", "75%": "13.85ms", "90%": "17.96ms", "99%": "29.58ms", "throughput": "3754.69"}, {"avg": "11.71ms", "50%": "10.75ms", "75%": "15.35ms", "90%": "19.54ms", "99%": "28.75ms", "throughput": "3465.90"}, {"avg": "11.42ms", "50%": "10.47ms", "75%": "14.57ms", "90%": "18.66ms", "99%": "28.34ms", "throughput": "3556.63"}, {"avg": "11.13ms", "50%": "9.96ms", "75%": "14.63ms", "90%": "18.91ms", "99%": "28.27ms", "throughput": "3660.29"}, {"avg": "10.88ms", "50%": "9.75ms", "75%": "14.19ms", "90%": "18.34ms", "99%": "27.75ms", "throughput": "3741.77"}, {"avg": "11.18ms", "50%": "10.27ms", "75%": "14.17ms", "90%": "18.10ms", "99%": "27.59ms", "throughput": "3635.08"}, {"avg": "10.63ms", "50%": "9.75ms", "75%": "13.52ms", "90%": "17.28ms", "99%": "26.19ms", "throughput": "3817.51"}, {"avg": "10.80ms", "50%": "9.90ms", "75%": "13.73ms", "90%": "17.49ms", "99%": "26.41ms", "throughput": "3760.55"}, {"avg": "24.94ms", "50%": "14.65ms", "75%": "28.00ms", "90%": "51.97ms", "99%": "152.92ms", "throughput": "2214.54"}, {"avg": "19.80ms", "50%": "10.94ms", "75%": "18.70ms", "90%": "38.28ms", "99%": "159.68ms", "throughput": "3023.21"}, {"avg": "12.00ms", "50%": "10.76ms", "75%": "15.65ms", "90%": "20.54ms", "99%": "31.52ms", "throughput": "3410.47"}, {"avg": "10.18ms", "50%": "9.23ms", "75%": "12.81ms", "90%": "16.45ms", "99%": "25.95ms", "throughput": "3998.86"}, {"avg": "10.41ms", "50%": "9.39ms", "75%": "13.47ms", "90%": "17.24ms", "99%": "26.31ms", "throughput": "3909.90"}, {"avg": "10.85ms", "50%": "9.92ms", "75%": "13.92ms", "90%": "17.94ms", "99%": "27.03ms", "throughput": "3744.46"}, {"avg": "10.93ms", "50%": "9.80ms", "75%": "14.22ms", "90%": "18.44ms", "99%": "27.96ms", "throughput": "3727.98"}, {"avg": "11.44ms", "50%": "10.55ms", "75%": "14.69ms", "90%": "18.82ms", "99%": "27.57ms", "throughput": "3544.75"}, {"avg": "11.14ms", "50%": "9.89ms", "75%": "14.60ms", "90%": "19.10ms", "99%": "29.29ms", "throughput": "3672.93"}, {"avg": "11.92ms", "50%": "10.85ms", "75%": "15.44ms", "90%": "20.07ms", "99%": "30.11ms", "throughput": "3421.60"}, {"avg": "29.13ms", "50%": "16.19ms", "75%": "30.70ms", "90%": "59.77ms", "99%": "206.42ms", "throughput": "2050.11"}, {"avg": "22.43ms", "50%": "13.20ms", "75%": "22.59ms", "90%": "45.43ms", "99%": "151.44ms", "throughput": "2509.69"}, {"avg": "10.87ms", "50%": "9.91ms", "75%": "13.68ms", "90%": "17.60ms", "99%": "27.50ms", "throughput": "3744.21"}, {"avg": "11.06ms", "50%": "10.01ms", "75%": "14.37ms", "90%": "18.43ms", "99%": "27.43ms", "throughput": "3669.67"}, {"avg": "10.83ms", "50%": "9.81ms", "75%": "14.26ms", "90%": "18.17ms", "99%": "26.62ms", "throughput": "3743.35"}, {"avg": "10.90ms", "50%": "9.97ms", "75%": "13.83ms", "90%": "17.77ms", "99%": "27.44ms", "throughput": "3732.89"}, {"avg": "11.13ms", "50%": "10.10ms", "75%": "14.11ms", "90%": "18.18ms", "99%": "28.18ms", "throughput": "3663.30"}, {"avg": "10.16ms", "50%": "9.30ms", "75%": "12.70ms", "90%": "16.20ms", "99%": "25.48ms", "throughput": "4001.09"}, {"avg": "11.55ms", "50%": "10.59ms", "75%": "14.75ms", "90%": "18.95ms", "99%": "29.04ms", "throughput": "3529.98"}, {"avg": "10.47ms", "50%": "9.38ms", "75%": "13.54ms", "90%": "17.33ms", "99%": "27.29ms", "throughput": "3897.90"}]